{"cameraMode":{"drawMode":0,"name":"Shaded","section":"Shading Mode"},"sceneLighting":true,"audioPlay":false,"sceneViewState":{"showFog":true,"showMaterialUpdate":false,"showSkybox":false,"showFlares":true,"showImageEffects":true,"showParticleSystems":true},"in2DMode":false,"pivot":{"x":5.333000183105469,"y":1.7100000381469727,"z":9.5367431640625e-7},"rotation":{"x":-0.18027153611183167,"y":-0.3050391972064972,"z":0.05891949310898781,"w":-0.9332715272903442},"size":15.251897811889649,"orthographic":false}