{"cameraMode":{"drawMode":0,"name":"Shaded","section":"Shading Mode"},"sceneLighting":true,"audioPlay":false,"sceneViewState":{"showFog":true,"showMaterialUpdate":false,"showSkybox":true,"showFlares":true,"showImageEffects":true,"showParticleSystems":true},"in2DMode":false,"pivot":{"x":-2.742356300354004,"y":1.4206525087356568,"z":-1.4177182912826539},"rotation":{"x":-0.12092570215463638,"y":-0.49223512411117556,"z":0.06926687806844711,"w":-0.859264612197876},"size":1.5420777797698975,"orthographic":false}