{"cameraMode":{"drawMode":0,"name":"Shaded","section":"Shading Mode"},"sceneLighting":false,"audioPlay":false,"sceneViewState":{"showFog":true,"showMaterialUpdate":false,"showSkybox":false,"showFlares":true,"showImageEffects":true,"showParticleSystems":true},"in2DMode":false,"pivot":{"x":-0.022179841995239259,"y":-0.30288851261138918,"z":-0.3944580554962158},"rotation":{"x":-0.2007748782634735,"y":0.5434737801551819,"z":-0.13577139377593995,"w":-0.8036773800849915},"size":4.00103759765625,"orthographic":false}