{"cameraMode":{"drawMode":0,"name":"Shaded","section":"Shading Mode"},"sceneLighting":true,"audioPlay":false,"sceneViewState":{"showFog":true,"showMaterialUpdate":false,"showSkybox":false,"showFlares":true,"showImageEffects":true,"showParticleSystems":true},"in2DMode":false,"pivot":{"x":-1.4604803323745728,"y":2.8250887393951418,"z":-2.6179494857788088},"rotation":{"x":0.261893630027771,"y":0.1255050152540207,"z":-0.0343717522919178,"w":0.9562894701957703},"size":0.8496047854423523,"orthographic":false}